['mokeee,dik station g,2022-11-08 21:55:26,Utrecht'],Mootje,moelmrini@outlook.com,2022-11-08 21:59:09,Goedgekeurd 
['mokeee,dik station g,2022-11-08 21:55:26,Utrecht'],Mootjee,mo@gmail.com,2022-11-08 21:59:48,Goedgekeurd 
['mokeee,dik station g,2022-11-08 21:55:26,Utrecht'],mootjuh,mokee@gmail.com,2022-11-08 22:00:49,Goedgekeurd 
['mokeee,dik station g,2022-11-08 21:55:26,Utrecht'],Mokee,moelmrini@outlook.com,2022-11-08 22:03:09,Goedgekeurd 
['mokeee,dik station g,2022-11-08 21:55:26,Utrecht'],Mohamed,mo@mrini.nl,2022-11-08 22:04:25,Goedgekeurd 
['mokeee,dik station g,2022-11-08 21:55:26,Utrecht'],o,mo@gmail.com,2022-11-08 22:05:48,Goedgekeurd 
['mokeee,dik station g,2022-11-08 21:55:26,Utrecht'],mo,mo@gmail.com,2022-11-08 22:06:00,Goedgekeurd 
['mokeee,dik station g,2022-11-08 21:55:26,Utrecht'],mo,mo@gmail.com,2022-11-08 22:07:32,Goedgekeurd 
['mokeee,dik station g,2022-11-08 21:55:26,Utrecht'],mootje,mo@gmail.com,2022-11-08 22:08:04,Goedgekeurd 
['mokeee,dik station g,2022-11-08 21:55:26,Utrecht'],mohamed,mo@gmail.com,2022-11-08 22:09:07,Goedgekeurd 
['mokeee,dik station g,2022-11-08 21:55:26,Utrecht'],mo,mo@gmail.com,2022-11-08 22:09:27,Goedgekeurd 
['mokeee,dik station g,2022-11-08 21:55:26,Utrecht'],mo,mo@gmail.com,2022-11-08 22:10:24,Goedgekeurd 
['mokeee,dik station g,2022-11-08 21:55:26,Utrecht'],mo,mo@gmail.com,2022-11-08 22:11:04,Goedgekeurd 
['mokeee,dik station g,2022-11-08 21:55:26,Utrecht'],mo,mo@gmail.com,2022-11-08 22:11:28,Goedgekeurd 
['mokeee,dik station g,2022-11-08 21:55:26,Utrecht'],Mohamed,mo@hu.nl,2022-11-08 22:15:50,Goedgekeurd 
['mohamed,heel mooi station,2022-11-08 22:13:45,Amsterdam'],Mohamed,mo@hu.nl,2022-11-08 22:15:50,Goedgekeurd 
['adam,veel zitplekken,2022-11-08 22:14:00,Utrecht'],Mohamed,mo@hu.nl,2022-11-08 22:15:50,Goedgekeurd 
['faisal,goede stilte coupes,2022-11-08 22:14:21,Utrecht'],Mohamed,mo@hu.nl,2022-11-08 22:15:50,Goedgekeurd 
['hans,aardige conducteurs,2022-11-08 22:14:51,Amsterdam'],Mohamed,mo@hu.nl,2022-11-08 22:15:50,Goedgekeurd 
['mokeee,dik station g,2022-11-08 21:55:26,Utrecht'],mohamedd,mohamed@gmail.com,2022-11-08 22:17:34,Goedgekeurd 
['mohamed,heel mooi station,2022-11-08 22:13:45,Amsterdam'],mohamedd,mohamed@gmail.com,2022-11-08 22:17:34,Goedgekeurd 
['adam,veel zitplekken,2022-11-08 22:14:00,Utrecht'],mohamedd,mohamed@gmail.com,2022-11-08 22:17:34,Goedgekeurd 
['faisal,goede stilte coupes,2022-11-08 22:14:21,Utrecht'],mohamedd,mohamed@gmail.com,2022-11-08 22:17:34,Goedgekeurd 
['hans,aardige conducteurs,2022-11-08 22:14:51,Amsterdam'],mohamedd,mohamed@gmail.com,2022-11-08 22:17:34,Goedgekeurd 
['Mohamed,Fijn personeel,2022-11-08 23:06:40,Utrecht'],Mohamed,moelmrini@outlook.com,2022-11-08 23:07:04,Goedgekeurd 
